ParentTopic,ComparedToTopic,IndexofSimilarity
1,2,0.016962193158669005
1,3,0.09180543767987143
1,4,0.0
1,5,0.0
1,6,0.0261945604672485
1,7,0.0
1,8,0.014967142505933399
1,9,0.01974435511885983
1,10,0.02152768218546322
1,11,0.17750973594613353
1,12,0.05623309029603349
1,13,0.013592357627263468
1,14,0.2232862342830294
1,15,0.046026492342437345
1,16,0.11431938813573743
1,17,0.08312013974592133
1,18,0.4501160837939822
1,19,0.029735854128410566
1,20,0.1888149846183692
1,21,0.0
1,22,0.03209691445045114
1,23,0.017165304383220864
1,24,0.11971588969741816
1,25,0.04046471497574469
1,26,0.0884153197050102
1,27,0.04255955200129592
1,28,0.2319321979464316
1,29,0.10613812405473176
1,30,0.0760352421777578
1,31,0.03003348539117916
1,32,0.04319614714119989
1,33,0.03771234060813963
1,34,0.007484661448971535
1,35,0.03803335895411071
1,36,0.14908318114485003
1,37,0.044778491014624576
1,38,0.0
1,39,0.02239472188508978
1,40,0.024078055187872614
1,41,0.025171050386396072
1,42,0.0
1,43,0.05784612078575885
1,44,0.02028436458927324
1,45,0.07211154669291693
1,46,0.08169305865692643
1,47,0.010905839941490823
1,48,0.02399448057738243
1,49,0.007393143537215597
1,50,0.06385287932765155
1,51,0.0
1,52,0.015497056366713773
1,53,0.018044075666845197
1,54,0.0
1,55,0.0
1,56,0.0
1,57,0.0
1,58,0.0
1,59,0.0
1,60,0.0
1,61,0.0
1,62,0.0
1,63,0.0
1,64,0.0
1,65,0.0
1,66,0.0
1,67,0.0
1,68,0.0
1,69,0.0
1,70,0.0
1,71,0.0
1,72,0.0
1,73,0.0
1,74,0.0
1,75,0.0
1,76,0.0
1,77,0.0
2,3,0.07886610766395712
2,4,0.25911046049934955
2,5,0.15531364705949408
2,6,0.03254180734208004
2,7,0.3189687772195987
2,8,0.2814537020827188
2,9,0.15698724722469504
2,10,0.01948664090806596
2,11,0.02884199976436808
2,12,0.044841040379321864
2,13,0.038129151761343204
2,14,0.03479054967052648
2,15,0.1376337605492876
2,16,0.11150074970074657
2,17,0.059862788231872556
2,18,0.05316153090100272
2,19,0.03164421303636128
2,20,0.05525568527240012
2,21,0.45619400863024395
2,22,0.2554127707668192
2,23,0.19368221276237693
2,24,0.03087399381910684
2,25,0.14474806739660195
2,26,0.18371942191937055
2,27,0.23207470620058135
2,28,0.2856000093131675
2,29,0.11406529341383989
2,30,0.03079184693334423
2,31,0.20305752466707427
2,32,0.20390622098343647
2,33,0.09678076342139172
2,34,0.044439068046191604
2,35,0.18697095466669567
2,36,0.02768821377557889
2,37,0.07877042133291148
2,38,0.17870745485130027
2,39,0.3049207798231162
2,40,0.0540154833999851
2,41,0.15316607728776624
2,42,0.3766865624121172
2,43,0.05893948792091443
2,44,0.49992323681345646
2,45,0.07930944881141104
2,46,0.15015129617058992
2,47,0.16015965992426115
2,48,0.18867647269627377
2,49,0.05239342296134414
2,50,0.05063204965469975
2,51,0.04692798256974413
2,52,0.003741103736769685
2,53,0.05209541063367549
2,54,0.0
2,55,0.0
2,56,0.0
2,57,0.0
2,58,0.0
2,59,0.0
2,60,0.012158409099193631
2,61,0.0
2,62,0.0
2,63,0.0
2,64,0.0
2,65,0.0
2,66,0.0
2,67,0.0
2,68,0.0
2,69,0.0
2,70,0.0
2,71,0.0
2,72,0.0
2,73,0.0
2,74,0.0
2,75,0.0
2,76,0.0
2,77,0.0
3,4,0.023276932183844374
3,5,0.008609450121847143
3,6,0.06997625868655123
3,7,0.03547748482784358
3,8,0.04762197056701582
3,9,0.030927352597560256
3,10,0.027087188663686437
3,11,0.2045458173123847
3,12,0.11419240750322905
3,13,0.14854489245947194
3,14,0.02446375475941586
3,15,0.10993620787235799
3,16,0.11284760718589007
3,17,0.04018062109259645
3,18,0.05352041202037101
3,19,0.1442126170040098
3,20,0.1089754563734975
3,21,0.15893079473604668
3,22,0.1731584087804324
3,23,0.09506333438270001
3,24,0.13392354590321706
3,25,0.21227829846699328
3,26,0.3163202820399836
3,27,0.2330269821182551
3,28,0.3080436864237622
3,29,0.039423975791258475
3,30,0.032158863325087494
3,31,0.259712629821132
3,32,0.15738459996384574
3,33,0.13308768535834511
3,34,0.23284583519303495
3,35,0.12127905718374551
3,36,0.20056947521245796
3,37,0.15239984893182543
3,38,0.13272970964902442
3,39,0.05947140881414941
3,40,0.08286434216180887
3,41,0.015802812811637024
3,42,0.06705116521969744
3,43,0.134117766604125
3,44,0.059217315057581675
3,45,0.08754731617683313
3,46,0.17438638074391152
3,47,0.0796660281102702
3,48,0.04296477809476399
3,49,0.026652159577005386
3,50,0.062126729574471976
3,51,0.014036315568407749
3,52,0.0002883308055733463
3,53,0.05904680704756841
3,54,0.02989489456334173
3,55,0.0
3,56,0.0
3,57,0.0
3,58,0.0
3,59,0.0
3,60,0.0
3,61,0.0
3,62,0.0
3,63,0.0
3,64,0.0
3,65,0.0
3,66,0.0
3,67,0.0
3,68,0.0
3,69,0.0
3,70,0.0
3,71,0.0
3,72,0.0
3,73,0.0
3,74,0.0
3,75,0.0
3,76,0.0
3,77,0.0
4,5,0.12036665975683637
4,6,0.00480766398659681
4,7,0.31497371443272254
4,8,0.30771061889799417
4,9,0.12955949386985877
4,10,0.00526709677008477
4,11,0.023170070671481413
4,12,0.16119155677823646
4,13,0.07052939425011154
4,14,0.01894809691380868
4,15,0.08780209851906291
4,16,0.06935077627519794
4,17,0.019172929017396544
4,18,0.0
4,19,0.006491172151107309
4,20,0.0
4,21,0.2597240329205592
4,22,0.0942240001506485
4,23,0.11226556332440492
4,24,0.0
4,25,0.048390955224317286
4,26,0.06870848496132537
4,27,0.13742686231010398
4,28,0.10955048102959987
4,29,0.04698930899315764
4,30,0.0
4,31,0.08447740381549317
4,32,0.07356265343764516
4,33,0.04447110749769495
4,34,0.02859972153081288
4,35,0.016295765724733652
4,36,0.0
4,37,0.023472138642803515
4,38,0.10181711382945607
4,39,0.2986056489530843
4,40,0.03254644793960676
4,41,0.05049784757873108
4,42,0.22558187513882635
4,43,0.01707402618618496
4,44,0.35903925937911235
4,45,0.014654603064698707
4,46,0.04128213562747423
4,47,0.09505417799542441
4,48,0.1091028644727748
4,49,0.014400590020092082
4,50,0.0
4,51,0.012336666429772611
4,52,0.0025544261395509913
4,53,0.018986910398545498
4,54,0.0
4,55,0.011921509152934655
4,56,0.001062741920729894
4,57,0.0
4,58,0.0
4,59,0.0
4,60,0.008007794442208829
4,61,0.0
4,62,0.0
4,63,0.0
4,64,0.0
4,65,0.0
4,66,0.0
4,67,0.0
4,68,0.0
4,69,0.0
4,70,0.0
4,71,0.0
4,72,0.0
4,73,0.0
4,74,0.0
4,75,0.0
4,76,0.0
4,77,0.0
5,6,0.0032759609531611824
5,7,0.34726391984341726
5,8,0.04805539007980447
5,9,0.022748780416949613
5,10,0.0008822248925601781
5,11,0.003397248834640742
5,12,0.006013570274272177
5,13,0.005968318681310058
5,14,0.009861379185380275
5,15,0.01644047224932657
5,16,0.015593863983336186
5,17,0.008451958915243323
5,18,0.016326990647691976
5,19,0.00949451280364597
5,20,0.006218736026991047
5,21,0.0672404885697488
5,22,0.03772588154681982
5,23,0.016740577100677678
5,24,0.052308443504320706
5,25,0.017312344411401368
5,26,0.021571084083615206
5,27,0.03740719439848244
5,28,0.034212169865088106
5,29,0.014854466696884054
5,30,0.004178085090829809
5,31,0.017621418850072682
5,32,0.031236458189058517
5,33,0.009125799877635449
5,34,0.004809489226042565
5,35,0.011883922856083895
5,36,0.004043249698818706
5,37,0.008088842804733768
5,38,0.020179443066944188
5,39,0.05658476702047899
5,40,0.0032945549624219675
5,41,0.011950473244180406
5,42,0.050443635513091965
5,43,0.006938981080622718
5,44,0.10126849394302526
5,45,0.012270719603586689
5,46,0.01569354210014622
5,47,0.017639797982789477
5,48,0.025852217524188304
5,49,0.006571668797015797
5,50,0.005562190874662117
5,51,0.11167907573150081
5,52,0.0024235744182283764
5,53,0.0
5,54,0.0026353681467453345
5,55,0.08836491092672276
5,56,0.6275012114293717
5,57,0.0
5,58,0.057749319897939876
5,59,0.0
5,60,0.03034427196290666
5,61,0.0
5,62,0.0
5,63,0.0
5,64,0.0
5,65,0.0
5,66,0.0
5,67,0.0
5,68,0.0
5,69,0.0
5,70,0.0
5,71,0.0
5,72,0.0
5,73,0.0
5,74,0.0
5,75,0.0
5,76,0.0
5,77,0.0
6,7,0.008669498346960198
6,8,0.049503367070677005
6,9,0.02906888904202506
6,10,0.009688433456511625
6,11,0.04239627020214704
6,12,0.041716327039802936
6,13,0.0222066587073724
6,14,0.03781358450156966
6,15,0.041271202464947344
6,16,0.04572462342291532
6,17,0.022525424581061448
6,18,0.02275613669498513
6,19,0.04015363309958546
6,20,0.042307869774535385
6,21,0.04095738521622428
6,22,0.04612308926456189
6,23,0.022491557923962242
6,24,0.29314005859798686
6,25,0.046923164951157906
6,26,0.08814100817051179
6,27,0.06413397861646059
6,28,0.09264572221634117
6,29,0.016001652937089585
6,30,0.014941367253528423
6,31,0.04575467225589537
6,32,0.0539501600703665
6,33,0.021631430174527354
6,34,0.012967303030675741
6,35,0.027339270558753386
6,36,0.024192303400088735
6,37,0.0519830206393984
6,38,0.0045796700924180785
6,39,0.027929234654702654
6,40,0.05277441194365909
6,41,0.0065863776717591605
6,42,0.01085606721294401
6,43,0.04165144588183755
6,44,0.02378067311297581
6,45,0.03993812587298344
6,46,0.052188402513292466
6,47,0.058589747466365055
6,48,0.014942041811112392
6,49,0.010778534829104645
6,50,0.03223346873221587
6,51,0.0
6,52,0.0
6,53,0.021733154896907234
6,54,0.0
6,55,0.0
6,56,0.0
6,57,0.0
6,58,0.0
6,59,0.0
6,60,0.0
6,61,0.0
6,62,0.0
6,63,0.0
6,64,0.0
6,65,0.0
6,66,0.0
6,67,0.0
6,68,0.0
6,69,0.0
6,70,0.0
6,71,0.0
6,72,0.0
6,73,0.0
6,74,0.0
6,75,0.0
6,76,0.0
6,77,0.0
7,8,0.30435657694648427
7,9,0.08569282228763632
7,10,0.01206359660747675
7,11,0.028350439380867305
7,12,0.00931326504498176
7,13,0.014318108731519036
7,14,0.0253544885444402
7,15,0.05876263510345541
7,16,0.03296416277369045
7,17,0.02236584650173123
7,18,0.02488820564276516
7,19,0.013613260779705412
7,20,0.019445152042497554
7,21,0.15218252581451308
7,22,0.09546520323569614
7,23,0.03693327658555632
7,24,0.020656633486239015
7,25,0.02556122372047343
7,26,0.04692715670517666
7,27,0.0755320658657423
7,28,0.09422860668365914
7,29,0.031085458951495865
7,30,0.0064706342582974445
7,31,0.06066018530021664
7,32,0.05285823600498864
7,33,0.02516540454450886
7,34,0.012977409509458943
7,35,0.0096419100490926
7,36,0.0062618135933729955
7,37,0.032532098570940464
7,38,0.04210455104890788
7,39,0.26585946006015776
7,40,0.15058060115683825
7,41,0.07096409289716923
7,42,0.14138370685886714
7,43,0.021709142182169624
7,44,0.6698425789429725
7,45,0.019003762947575723
7,46,0.03352441918020993
7,47,0.04055809162583372
7,48,0.05378954310310074
7,49,0.07136875617959058
7,50,0.02964301811622288
7,51,0.1656314098120586
7,52,0.005941212910137166
7,53,0.14490629534444704
7,54,0.0
7,55,0.0
7,56,0.1858498964189557
7,57,0.0
7,58,0.0
7,59,0.0
7,60,0.019564433784621745
7,61,0.0
7,62,0.0
7,63,0.0
7,64,0.0
7,65,0.0
7,66,0.0
7,67,0.0
7,68,0.0
7,69,0.0
7,70,0.0
7,71,0.0
7,72,0.0
7,73,0.0
7,74,0.0
7,75,0.0
7,76,0.0
7,77,0.0
8,9,0.3136026089782844
8,10,0.01632754406762759
8,11,0.08750589499107156
8,12,0.02429000181522296
8,13,0.03430320108203503
8,14,0.11587171073911398
8,15,0.22009552423275386
8,16,0.20040430509764162
8,17,0.11197431139830856
8,18,0.03995995678885753
8,19,0.023915701778165592
8,20,0.04282266119268697
8,21,0.20293878028998574
8,22,0.12910372082930527
8,23,0.08559494212261383
8,24,0.04275973029605549
8,25,0.070864702286857
8,26,0.08409347551179389
8,27,0.1193563148237073
8,28,0.14260604421836537
8,29,0.07782957528566556
8,30,0.04264230564497111
8,31,0.08599344910690147
8,32,0.09281739129208279
8,33,0.04663733720414221
8,34,0.02277693836987609
8,35,0.029165929586564682
8,36,0.014160074275482095
8,37,0.05055640545332529
8,38,0.0842674764198517
8,39,0.5016812202349661
8,40,0.07047715535944361
8,41,0.057331825466789395
8,42,0.2440140784098267
8,43,0.0428456072379553
8,44,0.2983649572122622
8,45,0.14953427861555457
8,46,0.06276892178788603
8,47,0.10917650111580722
8,48,0.15234951306024386
8,49,0.02623252449203577
8,50,0.048021467676808295
8,51,0.0522685664120379
8,52,0.002493861124318961
8,53,0.022470603973012926
8,54,0.0
8,55,0.0
8,56,0.0029226646567311098
8,57,0.0
8,58,0.0
8,59,0.0
8,60,0.009601386028661668
8,61,0.0
8,62,0.0
8,63,0.0
8,64,0.0
8,65,0.0
8,66,0.0
8,67,0.0
8,68,0.0
8,69,0.0
8,70,0.0
8,71,0.0
8,72,0.0
8,73,0.0
8,74,0.0
8,75,0.0
8,76,0.0
8,77,0.0
9,10,0.010356321820939323
9,11,0.11288160893002065
9,12,0.01710524236377138
9,13,0.023351086127484502
9,14,0.17332296155295637
9,15,0.7113968552596829
9,16,0.1335263167130523
9,17,0.061580828895603804
9,18,0.05195789373329116
9,19,0.011366029475530394
9,20,0.05122898792987716
9,21,0.13090192911350937
9,22,0.08219347516200932
9,23,0.05316142402240772
9,24,0.07694213841512115
9,25,0.04626070645992434
9,26,0.053737414066424204
9,27,0.07327520010951467
9,28,0.08924484344597007
9,29,0.055080017210545805
9,30,0.011660295390343764
9,31,0.05371264910710325
9,32,0.060109090117834156
9,33,0.02920942505809522
9,34,0.012701509546926037
9,35,0.019301443772028238
9,36,0.009980596376303592
9,37,0.025531351440225378
9,38,0.04883693190727142
9,39,0.23885286174080067
9,40,0.041124965817963974
9,41,0.029599579266492808
9,42,0.10903293236410723
9,43,0.13146753476391068
9,44,0.13453022811761414
9,45,0.054558137789828536
9,46,0.040634352545112114
9,47,0.04436280299201132
9,48,0.07642854319619262
9,49,0.016488988954342063
9,50,0.048355441009749936
9,51,0.018833358424826096
9,52,0.0011441912659435006
9,53,0.017092084067922918
9,54,0.0
9,55,0.004914791836107663
9,56,0.0024196212382988557
9,57,0.0
9,58,0.0
9,59,0.0
9,60,0.0044051458711225205
9,61,0.0
9,62,0.0
9,63,0.0
9,64,0.0
9,65,0.0
9,66,0.0
9,67,0.0
9,68,0.0
9,69,0.0
9,70,0.0
9,71,0.0
9,72,0.0
9,73,0.0
9,74,0.0
9,75,0.0
9,76,0.0
9,77,0.0
10,11,0.014298385383534278
10,12,0.015351343001287777
10,13,0.007592233389902118
10,14,0.04364983851399587
10,15,0.01957651466573647
10,16,0.006871799045927008
10,17,0.021231814599420192
10,18,0.029602900584370543
10,19,0.01239259249357734
10,20,0.03486134065666139
10,21,0.008338028233928848
10,22,0.027928660122839344
10,23,0.013453575606434336
10,24,0.014067749035258257
10,25,0.022334774262592776
10,26,0.02417303711558544
10,27,0.021008603689281466
10,28,0.0488781212592735
10,29,0.013576179447438193
10,30,0.01056193144371604
10,31,0.01838881899349535
10,32,0.020451443169583777
10,33,0.011140503795968969
10,34,0.005005040675043166
10,35,0.014648733850038198
10,36,0.008595904909788406
10,37,0.020230478039046058
10,38,0.005554953920937292
10,39,0.02057077033517656
10,40,0.015362122695696067
10,41,0.004213758268819045
10,42,0.006048074045948586
10,43,0.020172689212035928
10,44,0.02218621357602919
10,45,0.01908746112212412
10,46,0.013646967464529829
10,47,0.008084539053688765
10,48,0.01651427205366033
10,49,0.00506334019039577
10,50,0.023657668085284054
10,51,0.007418274965970087
10,52,0.0007681474007673303
10,53,0.010447835758565291
10,54,0.00016635786144270285
10,55,0.000987223631581454
10,56,0.0
10,57,0.0
10,58,0.0
10,59,0.0
10,60,0.0009775843132249606
10,61,0.0
10,62,0.0
10,63,0.0
10,64,0.0
10,65,0.0
10,66,0.0
10,67,0.0
10,68,0.0
10,69,0.0
10,70,0.0
10,71,0.0
10,72,0.0
10,73,0.0
10,74,0.0
10,75,0.0
10,76,0.0
10,77,0.0
11,12,0.09032811184125962
11,13,0.021753296538525334
11,14,0.14276647944108412
11,15,0.1374659044371292
11,16,0.19056919289140473
11,17,0.06575308490642164
11,18,0.09619897976071523
11,19,0.03687639796509973
11,20,0.05327491037188799
11,21,0.008538147337861244
11,22,0.053205057041402555
11,23,0.06631449773209205
11,24,0.19226262722476264
11,25,0.03787437746674064
11,26,0.08787880032693442
11,27,0.041538911843025376
11,28,0.14286153845819494
11,29,0.07033727746911461
11,30,0.09094884079173303
11,31,0.05808110770232872
11,32,0.04779984120620097
11,33,0.3893423810483007
11,34,0.01610784625546167
11,35,0.0351143915750371
11,36,0.03423347573026784
11,37,0.044488799188215564
11,38,0.029673069919291764
11,39,0.07219432062838567
11,40,0.030699647734995266
11,41,0.008638554663237095
11,42,0.018721377985499502
11,43,0.06998796856081084
11,44,0.05776479276369327
11,45,0.07039961902076428
11,46,0.0352209093479652
11,47,0.05179797490564906
11,48,0.017256689750928464
11,49,0.009348534240674604
11,50,0.03560879299898728
11,51,0.0
11,52,0.0
11,53,0.012977193426664039
11,54,0.0
11,55,0.005994492605659742
11,56,0.00319468708290295
11,57,0.0
11,58,0.0
11,59,0.0
11,60,0.0
11,61,0.0
11,62,0.0
11,63,0.0
11,64,0.0
11,65,0.0
11,66,0.0
11,67,0.0
11,68,0.0
11,69,0.0
11,70,0.0
11,71,0.0
11,72,0.0
11,73,0.0
11,74,0.0
11,75,0.0
11,76,0.0
11,77,0.0
12,13,0.4581750019460631
12,14,0.027146636167242586
12,15,0.050606039352611626
12,16,0.07111654343183495
12,17,0.04035045020019062
12,18,0.04063353512944739
12,19,0.04715717148609886
12,20,0.08963249549717628
12,21,0.07001214531365782
12,22,0.08122690548084982
12,23,0.04479330273603763
12,24,0.08681822504225618
12,25,0.09510033555474687
12,26,0.11586352871720848
12,27,0.11229650666627705
12,28,0.14284879646590495
12,29,0.1004081158481405
12,30,0.03170367867496314
12,31,0.10108773970321253
12,32,0.08980366736826716
12,33,0.04254301249148873
12,34,0.03170453838869368
12,35,0.03747953420934956
12,36,0.04282496786662001
12,37,0.08618554539219545
12,38,0.016135484796052982
12,39,0.03150221646786568
12,40,0.021539718540983112
12,41,0.006909147230457012
12,42,0.015247934304989741
12,43,0.05062508410938904
12,44,0.0871682976538192
12,45,0.06268075495992448
12,46,0.11004772061449485
12,47,0.08592143804307009
12,48,0.02175770522765551
12,49,0.02177811070068149
12,50,0.12127426076679712
12,51,0.0
12,52,0.0
12,53,0.0354096493447148
12,54,0.0
12,55,0.0
12,56,0.0
12,57,0.0
12,58,0.0
12,59,0.0
12,60,0.0
12,61,0.0
12,62,0.0
12,63,0.0
12,64,0.0
12,65,0.0
12,66,0.0
12,67,0.0
12,68,0.0
12,69,0.0
12,70,0.0
12,71,0.0
12,72,0.0
12,73,0.0
12,74,0.0
12,75,0.0
12,76,0.0
12,77,0.0
13,14,0.018717226186038324
13,15,0.017628224638013293
13,16,0.010151004295154384
13,17,0.02944247988598578
13,18,0.02823238746140791
13,19,0.0704315738820777
13,20,0.03064610147242643
13,21,0.10767586202015014
13,22,0.09389206833866014
13,23,0.022482154475890692
13,24,0.07040784970526981
13,25,0.09752229543846097
13,26,0.06800744725816714
13,27,0.1312117910393385
13,28,0.07784102353725748
13,29,0.016079763089580104
13,30,0.015515737940360961
13,31,0.07539482166427218
13,32,0.08535494370496197
13,33,0.015042259311781232
13,34,0.02981950804372508
13,35,0.025885642117972417
13,36,0.10332120556632288
13,37,0.062409670186620796
13,38,0.044496254898812274
13,39,0.06266291914474638
13,40,0.0035259334927185038
13,41,0.006857156498840288
13,42,0.02736953914782359
13,43,0.01762073308417309
13,44,0.03434763017688873
13,45,0.03665462489340014
13,46,0.1539528030409078
13,47,0.05716703942568745
13,48,0.012576753441881706
13,49,0.0243579906465797
13,50,0.18266424783760618
13,51,0.0
13,52,0.0
13,53,0.04161279053368585
13,54,0.0
13,55,0.0
13,56,0.0
13,57,0.0
13,58,0.0
13,59,0.0
13,60,0.0
13,61,0.0
13,62,0.0
13,63,0.0
13,64,0.0
13,65,0.0
13,66,0.0
13,67,0.0
13,68,0.0
13,69,0.0
13,70,0.0
13,71,0.0
13,72,0.0
13,73,0.0
13,74,0.0
13,75,0.0
13,76,0.0
13,77,0.0
14,15,0.16828173823618756
14,16,0.10358571573063878
14,17,0.18935064393296036
14,18,0.28908192107081193
14,19,0.020742497072634796
14,20,0.1829669704955998
14,21,0.010503799770105335
14,22,0.04428810792173266
14,23,0.019309395324253093
14,24,0.13207966484047098
14,25,0.03859100479221928
14,26,0.02236272727777485
14,27,0.029867515500238823
14,28,0.22272409983165392
14,29,0.1589041780479774
14,30,0.02540414498139014
14,31,0.02028457604246982
14,32,0.04364147492113049
14,33,0.019214351149527152
14,34,0.009825111202810185
14,35,0.024002092382637247
14,36,0.015076857124425547
14,37,0.0324829835763181
14,38,0.0
14,39,0.10419360833757998
14,40,0.010851059149356102
14,41,0.004801779406454483
14,42,0.010597142381611628
14,43,0.046696094698210365
14,44,0.056285714437297775
14,45,0.08330573369045134
14,46,0.028410767314627595
14,47,0.016268606308222147
14,48,0.020251401503859685
14,49,0.011199375955350751
14,50,0.09564752963608104
14,51,0.0
14,52,0.026631185068354404
14,53,0.015229244905586968
14,54,0.0
14,55,0.005791333023750689
14,56,0.002612561753238172
14,57,0.0
14,58,0.0
14,59,0.0
14,60,0.0
14,61,0.0
14,62,0.0
14,63,0.0
14,64,0.0
14,65,0.0
14,66,0.0
14,67,0.0
14,68,0.0
14,69,0.0
14,70,0.0
14,71,0.0
14,72,0.0
14,73,0.0
14,74,0.0
14,75,0.0
14,76,0.0
14,77,0.0
15,16,0.12399372646851574
15,17,0.07892663694995448
15,18,0.059546835002396055
15,19,0.0386614111973832
15,20,0.10936296795512226
15,21,0.1023333181288885
15,22,0.0827330765633744
15,23,0.052275230512387735
15,24,0.059882360538023545
15,25,0.0761535120145681
15,26,0.166629333877158
15,27,0.09766494106030014
15,28,0.18784388665020807
15,29,0.07186049448469423
15,30,0.01711919381154152
15,31,0.09092326717189683
15,32,0.090667117203027
15,33,0.06254395563955847
15,34,0.013718006204515316
15,35,0.07464532329068234
15,36,0.030168154428384466
15,37,0.05807786524661216
15,38,0.04723820556773467
15,39,0.2509225503673972
15,40,0.05573740998458812
15,41,0.015937827133616158
15,42,0.08647793394537821
15,43,0.25863582092848014
15,44,0.12130507977574097
15,45,0.07393496884374019
15,46,0.04272726848037762
15,47,0.05890046067234143
15,48,0.06821183587188386
15,49,0.016429840217597504
15,50,0.042814427024194995
15,51,0.0
15,52,0.0
15,53,0.013757080093217076
15,54,0.006213072652598303
15,55,0.0
15,56,0.003988997990772488
15,57,0.0
15,58,0.0
15,59,0.0
15,60,0.0
15,61,0.0
15,62,0.0
15,63,0.0
15,64,0.0
15,65,0.0
15,66,0.0
15,67,0.0
15,68,0.0
15,69,0.0
15,70,0.0
15,71,0.0
15,72,0.0
15,73,0.0
15,74,0.0
15,75,0.0
15,76,0.0
15,77,0.0
16,17,0.06141497769621632
16,18,0.0936504084917495
16,19,0.019188333909844816
16,20,0.038531979893848135
16,21,0.08451580733225356
16,22,0.052906078528531096
16,23,0.06823433986763117
16,24,0.15311314805780601
16,25,0.046271942242730714
16,26,0.11627190031151009
16,27,0.06455971063983962
16,28,0.1532751530024198
16,29,0.09096620772656523
16,30,0.05359405466143025
16,31,0.10343091650113097
16,32,0.06314304330942806
16,33,0.06786902369098431
16,34,0.015961763170167974
16,35,0.03523715069804035
16,36,0.02605391953184242
16,37,0.03296668574275996
16,38,0.06572268469555521
16,39,0.14327907275292062
16,40,0.051425932015356515
16,41,0.026121551345706425
16,42,0.08474814574533306
16,43,0.05424154890879121
16,44,0.07193452127037842
16,45,0.07260783934007303
16,46,0.05326315925689023
16,47,0.06817069730409635
16,48,0.049470785122393605
16,49,0.07491859601289395
16,50,0.14502659710178864
16,51,0.0
16,52,0.0
16,53,0.0
16,54,0.0
16,55,0.009565921186765294
16,56,0.0013621600428189173
16,57,0.0
16,58,0.0
16,59,0.0
16,60,0.0
16,61,0.0
16,62,0.0
16,63,0.0
16,64,0.0
16,65,0.0
16,66,0.0
16,67,0.0
16,68,0.0
16,69,0.0
16,70,0.0
16,71,0.0
16,72,0.0
16,73,0.0
16,74,0.0
16,75,0.0
16,76,0.0
16,77,0.0
17,18,0.12323628493243328
17,19,0.026196218348172276
17,20,0.09200841878737763
17,21,0.02124191486242093
17,22,0.05698939861407878
17,23,0.01867823224612842
17,24,0.06394567094185513
17,25,0.042368136255855324
17,26,0.03513108471232268
17,27,0.07277062037832555
17,28,0.08931044792972781
17,29,0.03795141203957093
17,30,0.04044422415142367
17,31,0.01873973257298557
17,32,0.058399749366578296
17,33,0.018505267110465132
17,34,0.015238682567692388
17,35,0.03951320999958369
17,36,0.02910612650884773
17,37,0.04907714035206328
17,38,0.0
17,39,0.08949446073210922
17,40,0.008294431575798964
17,41,0.017654143986904496
17,42,0.0289047078677813
17,43,0.0765020008061553
17,44,0.05892616799823198
17,45,0.11318438904714057
17,46,0.06932231452658039
17,47,0.02615274951808021
17,48,0.033728788030522074
17,49,0.018074490304121976
17,50,0.05255464792173093
17,51,0.0
17,52,0.0
17,53,0.01963445730106006
17,54,0.0
17,55,0.0
17,56,0.001283491307020451
17,57,0.0
17,58,0.0
17,59,0.0
17,60,0.0
17,61,0.0
17,62,0.0
17,63,0.0
17,64,0.0
17,65,0.0
17,66,0.0
17,67,0.0
17,68,0.0
17,69,0.0
17,70,0.0
17,71,0.0
17,72,0.0
17,73,0.0
17,74,0.0
17,75,0.0
17,76,0.0
17,77,0.0
18,19,0.04221143494392819
18,20,0.1908615858834618
18,21,0.035192575063082335
18,22,0.0798679937522545
18,23,0.08662863711505253
18,24,0.08155495310885208
18,25,0.043395260829991754
18,26,0.042135910319056086
18,27,0.05591729811279963
18,28,0.15003274055043442
18,29,0.11289588977291741
18,30,0.04671873879084035
18,31,0.04852660657530904
18,32,0.05532207500970609
18,33,0.029988392261003666
18,34,0.014791001141931815
18,35,0.024727056041879653
18,36,0.09730981841354124
18,37,0.04872701543216725
18,38,0.013541511294416332
18,39,0.051061019739660776
18,40,0.022485000302370512
18,41,0.019235734458629434
18,42,0.01661901445590736
18,43,0.0670495746669057
18,44,0.043216711067982624
18,45,0.0769985315968424
18,46,0.09897190362981188
18,47,0.024613890164717336
18,48,0.029780484733960343
18,49,0.01695374542403898
18,50,0.09473366420623178
18,51,0.0
18,52,0.002601509133022589
18,53,0.032716357804436685
18,54,0.00442248796342082
18,55,0.0
18,56,0.0
18,57,0.0
18,58,0.0
18,59,0.0
18,60,0.0
18,61,0.0
18,62,0.0
18,63,0.0
18,64,0.0
18,65,0.0
18,66,0.0
18,67,0.0
18,68,0.0
18,69,0.0
18,70,0.0
18,71,0.0
18,72,0.0
18,73,0.0
18,74,0.0
18,75,0.0
18,76,0.0
18,77,0.0
19,20,0.21344578235017728
19,21,0.011671441114472122
19,22,0.037879280043997134
19,23,0.01410884976921316
19,24,0.020607702024376617
19,25,0.06849441331196451
19,26,0.07768551253921208
19,27,0.033302306659517944
19,28,0.0718103083583803
19,29,0.019203504073561067
19,30,0.03552951421903764
19,31,0.09686853863346163
19,32,0.04137825007025084
19,33,0.01106874942911681
19,34,0.2080067053912655
19,35,0.10273353395589971
19,36,0.1467656247320946
19,37,0.0766127023534333
19,38,0.050459775141821914
19,39,0.03442761840391084
19,40,0.020981054913864813
19,41,0.010162551588587249
19,42,0.026549647182486584
19,43,0.05079220580923471
19,44,0.023418382599090858
19,45,0.04273254602577604
19,46,0.02292020849910574
19,47,0.0690532392705556
19,48,0.045444229140825396
19,49,0.02118865533922801
19,50,0.026246951704510628
19,51,0.0
19,52,0.003447823662951785
19,53,0.020947474588117774
19,54,0.0
19,55,0.0
19,56,0.0
19,57,0.0
19,58,0.0
19,59,0.0
19,60,0.0
19,61,0.0
19,62,0.0
19,63,0.0
19,64,0.0
19,65,0.0
19,66,0.0
19,67,0.0
19,68,0.0
19,69,0.0
19,70,0.0
19,71,0.0
19,72,0.0
19,73,0.0
19,74,0.0
19,75,0.0
19,76,0.0
19,77,0.0
20,21,0.023872564078887895
20,22,0.07213462378978949
20,23,0.03198153417890122
20,24,0.05910863810202284
20,25,0.10125233533888618
20,26,0.14017329970504439
20,27,0.06539429940490983
20,28,0.1626316291807716
20,29,0.10803027130566545
20,30,0.03061410047084434
20,31,0.06319450011269405
20,32,0.10232736174902149
20,33,0.029879078564956533
20,34,0.0636124685771043
20,35,0.09285552338804504
20,36,0.03443734910256773
20,37,0.08319355248545933
20,38,0.0
20,39,0.05386815514826738
20,40,0.06435081163243121
20,41,0.01594763788027235
20,42,0.01576815004645619
20,43,0.0833644769012312
20,44,0.046763258726699494
20,45,0.09041389923554305
20,46,0.059605974029835244
20,47,0.026450104724822183
20,48,0.0350683253791957
20,49,0.01818481588502479
20,50,0.10288990335232828
20,51,0.0
20,52,0.0059632175431211425
20,53,0.043188513485476115
20,54,0.0
20,55,0.0
20,56,0.0
20,57,0.0
20,58,0.0
20,59,0.0
20,60,0.0
20,61,0.0
20,62,0.0
20,63,0.0
20,64,0.0
20,65,0.0
20,66,0.0
20,67,0.0
20,68,0.0
20,69,0.0
20,70,0.0
20,71,0.0
20,72,0.0
20,73,0.0
20,74,0.0
20,75,0.0
20,76,0.0
20,77,0.0
21,22,0.39673790113795504
21,23,0.23513038515476092
21,24,0.13349951904544374
21,25,0.24788403793681532
21,26,0.265517261719954
21,27,0.4813311631238545
21,28,0.27973170597586966
21,29,0.08038914598280288
21,30,0.010500586748865186
21,31,0.30342026514144105
21,32,0.26427611352881963
21,33,0.13297546394559506
21,34,0.053153063467498776
21,35,0.05605845570707785
21,36,0.07109284629064591
21,37,0.11305828767296815
21,38,0.24443693954991594
21,39,0.20663874191199755
21,40,0.035647079775947214
21,41,0.0754518550471905
21,42,0.2671929587161288
21,43,0.03193691042206257
21,44,0.245935985481209
21,45,0.030839428318792772
21,46,0.3886655876394033
21,47,0.1546759652255043
21,48,0.15556030357282644
21,49,0.074604196548819
21,50,0.05317507384778474
21,51,0.0
21,52,0.00021586126688545641
21,53,0.1565948024432456
21,54,0.0
21,55,0.0
21,56,0.0
21,57,0.0
21,58,0.0
21,59,0.0
21,60,0.0
21,61,0.0
21,62,0.0
21,63,0.0
21,64,0.0
21,65,0.0
21,66,0.0
21,67,0.0
21,68,0.0
21,69,0.0
21,70,0.0
21,71,0.0
21,72,0.0
21,73,0.0
21,74,0.0
21,75,0.0
21,76,0.0
21,77,0.0
22,23,0.2659689305376178
22,24,0.14252864527644987
22,25,0.26452798145051065
22,26,0.3584276198530917
22,27,0.5122937534700714
22,28,0.2260166810897527
22,29,0.06539720690236031
22,30,0.0304418589509441
22,31,0.29816248771246945
22,32,0.31515712398188833
22,33,0.19158224593439382
22,34,0.06684793932581189
22,35,0.10053242882086909
22,36,0.0702017511710848
22,37,0.10347743590214722
22,38,0.1303060582811836
22,39,0.15070593634563387
22,40,0.0410541532595981
22,41,0.04152035864006604
22,42,0.15062440997441154
22,43,0.18780119651882343
22,44,0.1573831647615791
22,45,0.19059926312134665
22,46,0.2736487832237969
22,47,0.09070702122392521
22,48,0.10723467223036386
22,49,0.0493544558367785
22,50,0.10069864735093868
22,51,0.048768933978728196
22,52,0.0
22,53,0.11122133670964134
22,54,0.0
22,55,0.0
22,56,0.0
22,57,0.0
22,58,0.0
22,59,0.0
22,60,0.0
22,61,0.0
22,62,0.0
22,63,0.0
22,64,0.0
22,65,0.0
22,66,0.0
22,67,0.0
22,68,0.0
22,69,0.0
22,70,0.0
22,71,0.0
22,72,0.0
22,73,0.0
22,74,0.0
22,75,0.0
22,76,0.0
22,77,0.0
23,24,0.047598023886961605
23,25,0.25504989751484775
23,26,0.15145661909084276
23,27,0.38422334791127233
23,28,0.12607912464599633
23,29,0.050349831944175874
23,30,0.03196697553876819
23,31,0.23146278827846298
23,32,0.10406460032520226
23,33,0.19858799403372326
23,34,0.106747154976431
23,35,0.22892468217919462
23,36,0.0168408325763498
23,37,0.0574618379145352
23,38,0.13190036866656502
23,39,0.08681221655204521
23,40,0.00564601682264223
23,41,0.05046145723020595
23,42,0.10372399896187307
23,43,0.03114448510380618
23,44,0.10005256616238797
23,45,0.019425891967231674
23,46,0.08988391221038226
23,47,0.08347994834183063
23,48,0.08426420831473709
23,49,0.017219248084107106
23,50,0.035065982415925526
23,51,0.03348001973790432
23,52,0.0005810461712643512
23,53,0.04684490782608859
23,54,0.004322326078418789
23,55,0.028990308210209256
23,56,0.0
23,57,0.0
23,58,0.0
23,59,0.0
23,60,0.0
23,61,0.0
23,62,0.0
23,63,0.0
23,64,0.0
23,65,0.0
23,66,0.0
23,67,0.0
23,68,0.0
23,69,0.0
23,70,0.0
23,71,0.0
23,72,0.0
23,73,0.0
23,74,0.0
23,75,0.0
23,76,0.0
23,77,0.0
24,25,0.10687849158926162
24,26,0.1267316156358453
24,27,0.2058250637225234
24,28,0.15693359611180915
24,29,0.028377938275326035
24,30,0.06021701969790827
24,31,0.09734592867112304
24,32,0.1087993236216072
24,33,0.2946897062293595
24,34,0.02105661390559316
24,35,0.02675344820485429
24,36,0.06533943592526778
24,37,0.073892280013656
24,38,0.014602730221459914
24,39,0.04682326100765483
24,40,0.01595913425070048
24,41,0.018488605422762757
24,42,0.010618646823047312
24,43,0.04182087831323511
24,44,0.02391394201717579
24,45,0.04381985454183832
24,46,0.22592840531041783
24,47,0.06512738264423386
24,48,0.014652323192329895
24,49,0.027265647842238033
24,50,0.06835070022987629
24,51,0.0
24,52,0.0002446749845608278
24,53,0.053686018122341854
24,54,0.0
24,55,0.04007619827397794
24,56,0.06856340123737614
24,57,0.0
24,58,0.0
24,59,0.0
24,60,0.0
24,61,0.0
24,62,0.0
24,63,0.0
24,64,0.0
24,65,0.0
24,66,0.0
24,67,0.0
24,68,0.0
24,69,0.0
24,70,0.0
24,71,0.0
24,72,0.0
24,73,0.0
24,74,0.0
24,75,0.0
24,76,0.0
24,77,0.0
25,26,0.3989151369538937
25,27,0.3949842773013973
25,28,0.2051228698449498
25,29,0.04225805084706614
25,30,0.022820182585350915
25,31,0.2849686882581106
25,32,0.17041031528647843
25,33,0.11907783078657573
25,34,0.04079885662832285
25,35,0.16435693531676035
25,36,0.08269140663068873
25,37,0.09265840588087774
25,38,0.05817803782706821
25,39,0.07550522065641341
25,40,0.026827934048398634
25,41,0.04548618770191799
25,42,0.08611802872629462
25,43,0.07332982929133114
25,44,0.08609941881252876
25,45,0.06390165522934649
25,46,0.23319508367554845
25,47,0.05381649544468304
25,48,0.06620962176555725
25,49,0.03807101479066593
25,50,0.08067785277459152
25,51,0.0
25,52,0.0
25,53,0.09389232608428151
25,54,0.0
25,55,0.0
25,56,0.0
25,57,0.0
25,58,0.0
25,59,0.0
25,60,0.0
25,61,0.0
25,62,0.0
25,63,0.0
25,64,0.0
25,65,0.0
25,66,0.0
25,67,0.0
25,68,0.0
25,69,0.0
25,70,0.0
25,71,0.0
25,72,0.0
25,73,0.0
25,74,0.0
25,75,0.0
25,76,0.0
25,77,0.0
26,27,0.43082529689799487
26,28,0.40570415585743025
26,29,0.04478204160929796
26,30,0.01852028048850331
26,31,0.4708778106119859
26,32,0.23720257324925723
26,33,0.11504959644849176
26,34,0.03546514063744907
26,35,0.1423583633464965
26,36,0.09102047168163384
26,37,0.14788315004013464
26,38,0.06329784493181388
26,39,0.09182789540106896
26,40,0.10035187508262249
26,41,0.032325963075477734
26,42,0.10485083970502357
26,43,0.1554972498272492
26,44,0.10230252160220549
26,45,0.15598803980144257
26,46,0.20957673568030902
26,47,0.05772176105871917
26,48,0.07131323285505356
26,49,0.0352339731961599
26,50,0.05388249392178413
26,51,0.0
26,52,0.0
26,53,0.09295484912349991
26,54,0.0
26,55,0.0
26,56,0.0
26,57,0.0
26,58,0.0
26,59,0.0
26,60,0.0
26,61,0.0
26,62,0.0
26,63,0.0
26,64,0.0
26,65,0.0
26,66,0.0
26,67,0.0
26,68,0.0
26,69,0.0
26,70,0.0
26,71,0.0
26,72,0.0
26,73,0.0
26,74,0.0
26,75,0.0
26,76,0.0
26,77,0.0
27,28,0.3007682028259044
27,29,0.05590412359630197
27,30,0.023876180358128773
27,31,0.34275719683973005
27,32,0.27955146438995226
27,33,0.1828861187369582
27,34,0.046923651301114866
27,35,0.23092746642485826
27,36,0.1000294676809806
27,37,0.14177426906253898
27,38,0.08125640890660173
27,39,0.12907829331123902
27,40,0.030093858119835098
27,41,0.033490358179238136
27,42,0.1301268968033203
27,43,0.06914344770844583
27,44,0.14225389670866806
27,45,0.09202455414762668
27,46,0.41354556389186553
27,47,0.07402381195440616
27,48,0.09698210486107213
27,49,0.05858499763890999
27,50,0.0910299364091545
27,51,0.0
27,52,0.0
27,53,0.12318617225356064
27,54,0.0
27,55,0.0
27,56,0.0
27,57,0.0
27,58,0.0
27,59,0.0
27,60,0.0
27,61,0.0
27,62,0.0
27,63,0.0
27,64,0.0
27,65,0.0
27,66,0.0
27,67,0.0
27,68,0.0
27,69,0.0
27,70,0.0
27,71,0.0
27,72,0.0
27,73,0.0
27,74,0.0
27,75,0.0
27,76,0.0
27,77,0.0
28,29,0.14965916595135328
28,30,0.050435973578877635
28,31,0.2018983984036315
28,32,0.24085208509927084
28,33,0.10859430764616332
28,34,0.0387834048185451
28,35,0.1252485685177585
28,36,0.09700413480485129
28,37,0.1644095615884718
28,38,0.08298447184716395
28,39,0.15032726711376307
28,40,0.12593240220480828
28,41,0.05339606468904782
28,42,0.14441292243944265
28,43,0.16048947850324805
28,44,0.19314882786608145
28,45,0.1889965778103779
28,46,0.22674556345982966
28,47,0.09646810237642434
28,48,0.11381163564248722
28,49,0.051139992928013356
28,50,0.10596491470168581
28,51,0.027919897293675222
28,52,0.030086861548372448
28,53,0.07364402838395281
28,54,0.0
28,55,0.0
28,56,0.0
28,57,0.0
28,58,0.0
28,59,0.0
28,60,0.0053596836187977
28,61,0.0
28,62,0.0
28,63,0.0
28,64,0.0
28,65,0.0
28,66,0.0
28,67,0.0
28,68,0.0
28,69,0.0
28,70,0.0
28,71,0.0
28,72,0.0
28,73,0.0
28,74,0.0
28,75,0.0
28,76,0.0
28,77,0.0
29,30,0.020234880781510894
29,31,0.050092840938809696
29,32,0.05369851316135711
29,33,0.037356050531534256
29,34,0.014165601792586488
29,35,0.04745699283313311
29,36,0.012223240286971908
29,37,0.03897632747572711
29,38,0.04533435825637268
29,39,0.070969023984136
29,40,0.008763200361455512
29,41,0.014838028369703478
29,42,0.07857814428923302
29,43,0.04450590234223606
29,44,0.07751854488208344
29,45,0.04306774796494458
29,46,0.03629689380716289
29,47,0.047915884766307267
29,48,0.04386699400840815
29,49,0.018135673040282137
29,50,0.04646121871746709
29,51,0.0
29,52,0.0
29,53,0.008450509293707234
29,54,0.0
29,55,0.007653447764338255
29,56,0.0012535183115558086
29,57,0.0
29,58,0.0
29,59,0.0
29,60,0.0
29,61,0.0
29,62,0.0
29,63,0.0
29,64,0.0
29,65,0.0
29,66,0.0
29,67,0.0
29,68,0.0
29,69,0.0
29,70,0.0
29,71,0.0
29,72,0.0
29,73,0.0
29,74,0.0
29,75,0.0
29,76,0.0
29,77,0.0
30,31,0.0175048187367794
30,32,0.03065518617679876
30,33,0.01972409049171806
30,34,0.009717597653074254
30,35,0.012831220551108045
30,36,0.12240259465336323
30,37,0.0346129948454117
30,38,0.009989834405039899
30,39,0.02140820749876731
30,40,0.002468308236173311
30,41,0.011545182644193616
30,42,0.01059390080767627
30,43,0.030794649647010938
30,44,0.02384601784953718
30,45,0.07404043997744249
30,46,0.04775966431932412
30,47,0.030338361543149575
30,48,0.014603752162685373
30,49,0.009457713589401402
30,50,0.08326323963518663
30,51,0.0
30,52,0.0
30,53,0.010982159342583928
30,54,0.0
30,55,0.007380654383265
30,56,0.0
30,57,0.0
30,58,0.0
30,59,0.0
30,60,0.0
30,61,0.0
30,62,0.0
30,63,0.0
30,64,0.0
30,65,0.0
30,66,0.0
30,67,0.0
30,68,0.0
30,69,0.0
30,70,0.0
30,71,0.0
30,72,0.0
30,73,0.0
30,74,0.0
30,75,0.0
30,76,0.0
30,77,0.0
31,32,0.14588248089319616
31,33,0.12505223291975848
31,34,0.27303892930187357
31,35,0.11649754580710975
31,36,0.11321288697311092
31,37,0.18014760661022186
31,38,0.14737627278708135
31,39,0.11514014666223064
31,40,0.02229814451339966
31,41,0.026929161387295657
31,42,0.11215453074708627
31,43,0.05547448594068291
31,44,0.09949856476417547
31,45,0.03261430541103559
31,46,0.19839801015086828
31,47,0.07705567083190931
31,48,0.08480273613513135
31,49,0.028502300248971858
31,50,0.050392686451023856
31,51,0.0
31,52,0.0
31,53,0.0866026199271736
31,54,0.0
31,55,0.0
31,56,0.0
31,57,0.0
31,58,0.0
31,59,0.0
31,60,0.0
31,61,0.0
31,62,0.0
31,63,0.0
31,64,0.0
31,65,0.0
31,66,0.0
31,67,0.0
31,68,0.0
31,69,0.0
31,70,0.0
31,71,0.0
31,72,0.0
31,73,0.0
31,74,0.0
31,75,0.0
31,76,0.0
31,77,0.0
32,33,0.0894555943628418
32,34,0.03385002709566644
32,35,0.07380468305875654
32,36,0.0705589447110185
32,37,0.11841281753218737
32,38,0.058414147701462055
32,39,0.09849501346701418
32,40,0.03646467576587464
32,41,0.03374040590815102
32,42,0.1077869628042068
32,43,0.18440682384423207
32,44,0.13480228828968366
32,45,0.1277919134024835
32,46,0.23420565306714608
32,47,0.06853223906924004
32,48,0.07372796251728608
32,49,0.04419118741313643
32,50,0.08474828599420427
32,51,0.0510568265299857
32,52,0.0007460568592006667
32,53,0.07150520500611281
32,54,0.03572651044308148
32,55,0.023937990623337062
32,56,0.0
32,57,0.0
32,58,0.0
32,59,0.0
32,60,0.0
32,61,0.0
32,62,0.0
32,63,0.0
32,64,0.0
32,65,0.0
32,66,0.0
32,67,0.0
32,68,0.0
32,69,0.0
32,70,0.0
32,71,0.0
32,72,0.0
32,73,0.0
32,74,0.0
32,75,0.0
32,76,0.0
32,77,0.0
33,34,0.01911777000085621
33,35,0.07026036091332677
33,36,0.02195736227355766
33,37,0.03161246420222168
33,38,0.0709955097583613
33,39,0.052875426322257675
33,40,0.014388714218372298
33,41,0.015400724422865468
33,42,0.05536167227960162
33,43,0.19258236570363904
33,44,0.054410768693437986
33,45,0.02139344237047113
33,46,0.06114270188008752
33,47,0.05203371579138312
33,48,0.046948642558018026
33,49,0.010567791777405303
33,50,0.027887681970383996
33,51,0.0
33,52,0.0
33,53,0.030943514779458926
33,54,0.0
33,55,0.0
33,56,0.0
33,57,0.0
33,58,0.0
33,59,0.0
33,60,0.0
33,61,0.0
33,62,0.0
33,63,0.0
33,64,0.0
33,65,0.0
33,66,0.0
33,67,0.0
33,68,0.0
33,69,0.0
33,70,0.0
33,71,0.0
33,72,0.0
33,73,0.0
33,74,0.0
33,75,0.0
33,76,0.0
33,77,0.0
34,35,0.03535953219377561
34,36,0.048069574492580085
34,37,0.2937143526289052
34,38,0.04168236536310379
34,39,0.024950307422934914
34,40,0.00216968489038334
34,41,0.009243833243726197
34,42,0.03591972147659753
34,43,0.010404996103624926
34,44,0.025699081631214305
34,45,0.018770046396441743
34,46,0.04017332867131484
34,47,0.036829376747516386
34,48,0.01594780737476139
34,49,0.009579934277622243
34,50,0.017886008279336382
34,51,0.0
34,52,0.0
34,53,0.033455018097001535
34,54,0.0
34,55,0.014195730701308754
34,56,0.0
34,57,0.0
34,58,0.0
34,59,0.0
34,60,0.0
34,61,0.0
34,62,0.0
34,63,0.0
34,64,0.0
34,65,0.0
34,66,0.0
34,67,0.0
34,68,0.0
34,69,0.0
34,70,0.0
34,71,0.0
34,72,0.0
34,73,0.0
34,74,0.0
34,75,0.0
34,76,0.0
34,77,0.0
35,36,0.037494814989548535
35,37,0.08764680851875782
35,38,0.02483374117173408
35,39,0.08559855453417652
35,40,0.0325862969497266
35,41,0.006507070121529939
35,42,0.05969632324812313
35,43,0.11346547182803944
35,44,0.03640491673201976
35,45,0.04966588695198893
35,46,0.03206123522407944
35,47,0.025021268685753252
35,48,0.028888339232267978
35,49,0.01751361457386683
35,50,0.03494298914042495
35,51,0.017699752043409782
35,52,0.0
35,53,0.011173236579422152
35,54,0.0
35,55,0.0
35,56,0.0
35,57,0.0
35,58,0.0
35,59,0.0
35,60,0.0
35,61,0.0
35,62,0.0
35,63,0.0
35,64,0.0
35,65,0.0
35,66,0.0
35,67,0.0
35,68,0.0
35,69,0.0
35,70,0.0
35,71,0.0
35,72,0.0
35,73,0.0
35,74,0.0
35,75,0.0
35,76,0.0
35,77,0.0
36,37,0.06490680687007229
36,38,0.029900350043012898
36,39,0.01793165469685413
36,40,0.015446493306856596
36,41,0.007791653293607465
36,42,0.022984986280816282
36,43,0.06960066519265441
36,44,0.02055329796928412
36,45,0.038670550014213496
36,46,0.2454516742386937
36,47,0.033210097041116965
36,48,0.011147800098816305
36,49,0.017043154635404484
36,50,0.049806777045570114
36,51,0.0
36,52,0.0
36,53,0.03380941485709179
36,54,0.0
36,55,0.0
36,56,0.0
36,57,0.0
36,58,0.0
36,59,0.0
36,60,0.0
36,61,0.0
36,62,0.0
36,63,0.0
36,64,0.0
36,65,0.0
36,66,0.0
36,67,0.0
36,68,0.0
36,69,0.0
36,70,0.0
36,71,0.0
36,72,0.0
36,73,0.0
36,74,0.0
36,75,0.0
36,76,0.0
36,77,0.0
37,38,0.0
37,39,0.069525886519193
37,40,0.13225192748693845
37,41,0.017115284212019178
37,42,0.03987644839947762
37,43,0.08541518599423024
37,44,0.055330255384072415
37,45,0.09971146117726556
37,46,0.2035601085100499
37,47,0.05720530719932243
37,48,0.03212502468639142
37,49,0.029832270327984838
37,50,0.0616657616138694
37,51,0.0
37,52,0.0
37,53,0.05395570702546652
37,54,0.009417072490767125
37,55,0.0
37,56,0.0
37,57,0.0
37,58,0.0
37,59,0.0
37,60,0.0
37,61,0.0
37,62,0.0
37,63,0.0
37,64,0.0
37,65,0.0
37,66,0.0
37,67,0.0
37,68,0.0
37,69,0.0
37,70,0.0
37,71,0.0
37,72,0.0
37,73,0.0
37,74,0.0
37,75,0.0
37,76,0.0
37,77,0.0
38,39,0.10026730396003401
38,40,0.004861441770285167
38,41,0.018323242360083727
38,42,0.12297692379943691
38,43,0.01201203038146657
38,44,0.08577604164170509
38,45,0.0
38,46,0.0426147367295212
38,47,0.07508824966501194
38,48,0.07117645869366444
38,49,0.04372821766232203
38,50,0.0
38,51,0.13069943345991894
38,52,0.0005659881983542209
38,53,0.009096506285223821
38,54,0.004210311797598463
38,55,0.12357525444216176
38,56,0.0
38,57,0.0
38,58,0.0
38,59,0.0
38,60,0.0034683640235360714
38,61,0.0
38,62,0.0
38,63,0.0
38,64,0.0
38,65,0.0
38,66,0.0
38,67,0.0
38,68,0.0
38,69,0.0
38,70,0.0
38,71,0.0
38,72,0.0
38,73,0.0
38,74,0.0
38,75,0.0
38,76,0.0
38,77,0.0
39,40,0.06566894050582803
39,41,0.056505829926545945
39,42,0.22232085416369424
39,43,0.18921903407889643
39,44,0.2479530155620591
39,45,0.09589319869668696
39,46,0.0683639364856044
39,47,0.11936607205231133
39,48,0.13823235847977466
39,49,0.027652039733604875
39,50,0.05867805947464634
39,51,0.03570091687294786
39,52,0.0023419863636408808
39,53,0.03630551822782726
39,54,0.0
39,55,0.011490454655498398
39,56,0.0019728179793193556
39,57,0.0
39,58,0.0
39,59,0.0
39,60,0.009016666939430477
39,61,0.0
39,62,0.0
39,63,0.0
39,64,0.0
39,65,0.0
39,66,0.0
39,67,0.0
39,68,0.0
39,69,0.0
39,70,0.0
39,71,0.0
39,72,0.0
39,73,0.0
39,74,0.0
39,75,0.0
39,76,0.0
39,77,0.0
40,41,0.04011824094967044
40,42,0.04836466445373693
40,43,0.04892085908117134
40,44,0.09785834416424667
40,45,0.029116844508741056
40,46,0.006881035205467846
40,47,0.006285496403698721
40,48,0.004446523789046182
40,49,0.00911250195657177
40,50,0.032928908618245795
40,51,0.11949044713601237
40,52,0.0066758589289876435
40,53,0.0
40,54,0.0
40,55,0.0
40,56,0.0003768868986259868
40,57,0.0
40,58,0.0
40,59,0.0
40,60,0.011587643790089168
40,61,0.0
40,62,0.0
40,63,0.0
40,64,0.0
40,65,0.0
40,66,0.0
40,67,0.0
40,68,0.0
40,69,0.0
40,70,0.0
40,71,0.0
40,72,0.0
40,73,0.0
40,74,0.0
40,75,0.0
40,76,0.0
40,77,0.0
41,42,0.07612883544702938
41,43,0.007221961810286251
41,44,0.08023950604753144
41,45,0.01409814876988304
41,46,0.034130489870274915
41,47,0.024428016303667213
41,48,0.022566708086314655
41,49,0.010337267218103734
41,50,0.012297777226990691
41,51,0.024347659737355577
41,52,0.0018165178432606056
41,53,0.016693893800251394
41,54,0.0
41,55,0.0
41,56,0.0
41,57,0.0
41,58,0.0
41,59,0.008400601294086478
41,60,0.0064318690476701385
41,61,0.0
41,62,0.0
41,63,0.0
41,64,0.0
41,65,0.0
41,66,0.0
41,67,0.0
41,68,0.0
41,69,0.0
41,70,0.0
41,71,0.0
41,72,0.0
41,73,0.0
41,74,0.0
41,75,0.0
41,76,0.0
41,77,0.0
42,43,0.04391598815196443
42,44,0.20401052935758054
42,45,0.04221719833117007
42,46,0.06815235586214476
42,47,0.09262081554903255
42,48,0.12230241376351607
42,49,0.03049186666714883
42,50,0.014103422290001624
42,51,0.007906347560256056
42,52,0.0016505830371959054
42,53,0.010069062614079508
42,54,0.0
42,55,0.0
42,56,0.0
42,57,0.0
42,58,0.0
42,59,0.0
42,60,0.0051320513861342005
42,61,0.0
42,62,0.0
42,63,0.0
42,64,0.0
42,65,0.0
42,66,0.0
42,67,0.0
42,68,0.0
42,69,0.0
42,70,0.0
42,71,0.0
42,72,0.0
42,73,0.0
42,74,0.0
42,75,0.0
42,76,0.0
42,77,0.0
43,44,0.046466156078130226
43,45,0.0676702185530511
43,46,0.03082365915473236
43,47,0.08100699420475482
43,48,0.03038986288646995
43,49,0.016993123854996874
43,50,0.04397716686798148
43,51,0.0
43,52,0.0015658029064823705
43,53,0.014591272280819937
43,54,0.0012820607524360195
43,55,0.003000362176359461
43,56,0.0005947244949511219
43,57,0.0
43,58,0.0
43,59,0.0
43,60,0.0
43,61,0.0
43,62,0.0
43,63,0.0
43,64,0.0
43,65,0.0
43,66,0.0
43,67,0.0
43,68,0.0
43,69,0.0
43,70,0.0
43,71,0.0
43,72,0.0
43,73,0.0
43,74,0.0
43,75,0.0
43,76,0.0
43,77,0.0
44,45,0.056731381251938044
44,46,0.08182774670611855
44,47,0.08560154039404681
44,48,0.12209669698287409
44,49,0.06277449059730686
44,50,0.054126643523650944
44,51,0.15443831917898743
44,52,0.005243634495578162
44,53,0.09093122246439489
44,54,0.0
44,55,0.0
44,56,0.0015514667671274207
44,57,0.0
44,58,0.0
44,59,0.0
44,60,0.018859838470739784
44,61,0.0
44,62,0.0
44,63,0.0
44,64,0.0
44,65,0.0
44,66,0.0
44,67,0.0
44,68,0.0
44,69,0.0
44,70,0.0
44,71,0.0
44,72,0.0
44,73,0.0
44,74,0.0
44,75,0.0
44,76,0.0
44,77,0.0
45,46,0.05525469774654046
45,47,0.0330823206931104
45,48,0.03847422174852678
45,49,0.022928135537579546
45,50,0.060281365316413
45,51,0.0
45,52,0.02768403429183735
45,53,0.020420393179588776
45,54,0.0
45,55,0.0
45,56,0.0
45,57,0.0
45,58,0.0
45,59,0.0
45,60,0.0
45,61,0.0
45,62,0.0
45,63,0.0
45,64,0.0
45,65,0.0
45,66,0.0
45,67,0.0
45,68,0.0
45,69,0.0
45,70,0.0
45,71,0.0
45,72,0.0
45,73,0.0
45,74,0.0
45,75,0.0
45,76,0.0
45,77,0.0
46,47,0.058644809963840694
46,48,0.050714374077129
46,49,0.06110115453844733
46,50,0.12429265430337089
46,51,0.0
46,52,0.0
46,53,0.12777928332210836
46,54,0.032100680160038884
46,55,0.0
46,56,0.0
46,57,0.0
46,58,0.0
46,59,0.0
46,60,0.0
46,61,0.0
46,62,0.0
46,63,0.0
46,64,0.0
46,65,0.0
46,66,0.0
46,67,0.0
46,68,0.0
46,69,0.0
46,70,0.0
46,71,0.0
46,72,0.0
46,73,0.0
46,74,0.0
46,75,0.0
46,76,0.0
46,77,0.0
47,48,0.10431015500349006
47,49,0.0404269492060409
47,50,0.024435596622810012
47,51,0.0
47,52,0.0
47,53,0.025424630709020294
47,54,0.015093217711898857
47,55,0.0
47,56,0.0
47,57,0.0
47,58,0.0
47,59,0.0
47,60,0.0
47,61,0.0
47,62,0.0
47,63,0.0
47,64,0.0
47,65,0.0
47,66,0.0
47,67,0.0
47,68,0.0
47,69,0.0
47,70,0.0
47,71,0.0
47,72,0.0
47,73,0.0
47,74,0.0
47,75,0.0
47,76,0.0
47,77,0.0
48,49,0.015610037726963465
48,50,0.03307762694042334
48,51,0.0
48,52,0.0
48,53,0.02706929034185684
48,54,0.0
48,55,0.0
48,56,0.0
48,57,0.0
48,58,0.0
48,59,0.0
48,60,0.0
48,61,0.0
48,62,0.0
48,63,0.0
48,64,0.0
48,65,0.0
48,66,0.0
48,67,0.0
48,68,0.0
48,69,0.0
48,70,0.0
48,71,0.0
48,72,0.0
48,73,0.0
48,74,0.0
48,75,0.0
48,76,0.0
48,77,0.0
49,50,0.022459836655487755
49,51,0.0038408688338922243
49,52,0.0006475643097195996
49,53,0.24273100680338439
49,54,0.0
49,55,0.0
49,56,0.0
49,57,0.0
49,58,0.0
49,59,0.0
49,60,0.0024931279674603435
49,61,0.0
49,62,0.0
49,63,0.0
49,64,0.0
49,65,0.0
49,66,0.0
49,67,0.0
49,68,0.0
49,69,0.0
49,70,0.0
49,71,0.0
49,72,0.0
49,73,0.0
49,74,0.0
49,75,0.0
49,76,0.0
49,77,0.0
50,51,0.019971041575180953
50,52,0.0
50,53,0.03847413196666783
50,54,0.0
50,55,0.0
50,56,0.0
50,57,0.0
50,58,0.0
50,59,0.0
50,60,0.0
50,61,0.0
50,62,0.0
50,63,0.008249875519483224
50,64,0.0
50,65,0.0
50,66,0.0
50,67,0.0
50,68,0.0
50,69,0.0
50,70,0.0
50,71,0.0
50,72,0.0
50,73,0.0
50,74,0.0
50,75,0.0
50,76,0.0
50,77,0.0
51,52,0.00331194353667241
51,53,0.0
51,54,0.01053958988983651
51,55,0.7165526003263494
51,56,0.001645099111876349
51,57,0.007416271410349434
51,58,0.11049286129113435
51,59,0.0
51,60,0.1204634045028494
51,61,0.0
51,62,0.0
51,63,0.0
51,64,0.0
51,65,0.0
51,66,0.0
51,67,0.0
51,68,0.0
51,69,0.0
51,70,0.0
51,71,0.0
51,72,0.0
51,73,0.0
51,74,0.0
51,75,0.0
51,76,0.0
51,77,0.0
52,53,0.0
52,54,0.0025584000865151086
52,55,0.001148805663815228
52,56,0.0034001379125766043
52,57,0.0
52,58,0.0
52,59,0.0
52,60,0.0012301300065292542
52,61,0.0002511869229243577
52,62,0.0
52,63,0.0
52,64,0.0
52,65,0.0
52,66,0.0
52,67,0.0
52,68,0.0
52,69,0.0
52,70,0.0
52,71,0.0
52,72,0.0
52,73,0.0
52,74,0.0
52,75,0.0
52,76,0.0
52,77,0.0
53,54,0.0
53,55,0.0
53,56,0.0
53,57,0.0
53,58,0.0
53,59,0.0
53,60,0.0
53,61,0.0
53,62,0.0
53,63,0.0
53,64,0.0
53,65,0.0
53,66,0.0
53,67,0.0
53,68,0.0
53,69,0.0
53,70,0.0
53,71,0.0
53,72,0.0
53,73,0.0
53,74,0.0
53,75,0.0
53,76,0.0
53,77,0.0
54,55,0.008545814300675723
54,56,0.0
54,57,0.0
54,58,0.0
54,59,0.0
54,60,0.0
54,61,0.0
54,62,0.0
54,63,0.0
54,64,0.0
54,65,0.0
54,66,0.0
54,67,0.0
54,68,0.0
54,69,0.0
54,70,0.0
54,71,0.0
54,72,0.0
54,73,0.0
54,74,0.0
54,75,0.0
54,76,0.0
54,77,0.0
55,56,0.0016908362868983274
55,57,0.007622459171960199
55,58,0.1246929754162607
55,59,0.0
55,60,0.11841344930571861
55,61,0.0
55,62,0.0
55,63,0.0
55,64,0.0
55,65,0.0
55,66,0.0
55,67,0.0
55,68,0.0
55,69,0.0
55,70,0.0
55,71,0.0
55,72,0.0
55,73,0.0
55,74,0.0
55,75,0.0
55,76,0.0
55,77,0.0
56,57,0.0005718659008222616
56,58,0.0
56,59,0.0
56,60,0.0007876808501128677
56,61,0.0
56,62,0.0
56,63,0.0
56,64,0.002806717868510938
56,65,0.0
56,66,0.0
56,67,0.0
56,68,0.0
56,69,0.0
56,70,0.0
56,71,0.0
56,72,0.0
56,73,0.0
56,74,0.0
56,75,0.0
56,76,0.0
56,77,0.0
57,58,0.0
57,59,0.0
57,60,0.0035509440902372056
57,61,0.0
57,62,0.0
57,63,0.0
57,64,0.0
57,65,0.0
57,66,0.0
57,67,0.0
57,68,0.0
57,69,0.0
57,70,0.0
57,71,0.0
57,72,0.0
57,73,0.0
57,74,0.0
57,75,0.0
57,76,0.0
57,77,0.0
58,59,0.0
58,60,0.03761120882637836
58,61,0.0
58,62,0.0
58,63,0.0
58,64,0.0
58,65,0.0
58,66,0.0
58,67,0.0
58,68,0.0
58,69,0.0
58,70,0.024785785411673762
58,71,0.0
58,72,0.0
58,73,0.0
58,74,0.0
58,75,0.0
58,76,0.0
58,77,0.0
59,60,0.0
59,61,0.0
59,62,0.0
59,63,0.0
59,64,0.0
59,65,0.0
59,66,0.010394303561459647
59,67,0.0
59,68,0.0
59,69,0.0
59,70,0.0
59,71,0.0
59,72,0.0
59,73,0.0
59,74,0.0
59,75,0.0
59,76,0.0
59,77,0.0
60,61,0.0
60,62,0.0
60,63,0.0
60,64,0.0
60,65,0.0
60,66,0.0
60,67,0.0
60,68,0.0
60,69,0.0
60,70,0.0
60,71,0.0
60,72,0.0
60,73,0.0
60,74,0.0
60,75,0.0
60,76,0.0
60,77,0.0
61,62,0.0
61,63,0.0
61,64,0.0
61,65,0.0
61,66,0.0
61,67,0.0
61,68,0.0
61,69,0.0
61,70,0.0
61,71,0.0
61,72,0.0
61,73,0.0
61,74,0.0
61,75,0.0
61,76,0.0
61,77,0.0
62,63,0.0
62,64,0.0
62,65,0.0
62,66,0.0
62,67,0.0
62,68,0.0
62,69,0.0
62,70,0.0
62,71,0.0
62,72,0.0
62,73,0.0
62,74,0.0
62,75,0.0
62,76,0.0
62,77,0.0
63,64,0.0
63,65,0.0
63,66,0.0
63,67,0.0
63,68,0.0
63,69,0.0
63,70,0.0
63,71,0.0
63,72,0.0
63,73,0.0
63,74,0.0
63,75,0.0
63,76,0.0
63,77,0.0
64,65,0.0
64,66,0.0
64,67,0.0
64,68,0.0
64,69,0.0
64,70,0.0
64,71,0.0
64,72,0.0
64,73,0.0
64,74,0.0
64,75,0.0
64,76,0.0
64,77,0.0
65,66,0.013528909295123615
65,67,0.0
65,68,0.0
65,69,0.0
65,70,0.0
65,71,0.0
65,72,0.0
65,73,0.0
65,74,0.0
65,75,0.0
65,76,0.0
65,77,0.0
66,67,0.0
66,68,0.0
66,69,0.0
66,70,0.0
66,71,0.0
66,72,0.0
66,73,0.0
66,74,0.0
66,75,0.0
66,76,0.0
66,77,0.0
67,68,0.0
67,69,0.0
67,70,0.033567114457525915
67,71,0.0
67,72,0.0
67,73,0.0
67,74,0.0
67,75,0.0
67,76,0.0
67,77,0.0
68,69,0.0
68,70,0.0
68,71,0.0
68,72,0.0
68,73,0.0
68,74,0.0
68,75,0.0
68,76,0.0
68,77,0.0
69,70,0.0
69,71,0.0
69,72,0.0
69,73,0.0
69,74,0.0
69,75,0.0
69,76,0.0
69,77,0.0
70,71,0.0
70,72,0.0
70,73,0.0
70,74,0.0
70,75,0.0
70,76,0.0
70,77,0.0
71,72,0.0
71,73,0.0
71,74,0.0
71,75,0.0
71,76,0.0
71,77,0.0
72,73,0.0
72,74,0.0
72,75,0.0
72,76,0.0
72,77,0.0
73,74,0.0
73,75,0.0
73,76,0.0
73,77,0.0
74,75,0.0
74,76,0.0
74,77,0.0
75,76,0.0
75,77,0.0
76,77,0.0
